"syringe","alc","band","insul","neo"
1,0.408248290463863,0,1,0
0.408248290463863,1,0.816496580927726,0.408248290463863,0.577350269189626
0,0.816496580927726,1,0,0.707106781186547
1,0.408248290463863,0,1,0
0,0.577350269189626,0.707106781186547,0,1
